<?xml version="1.0" encoding="UTF-8" standalone="yes"?>
<fmiModelDescription fmiVersion="2.0" modelName="PythonSlave" guid="240ca239-0fbc-11ea-8faf-001583f75d54" description="Generates a sine wave at a " author="Christian Legaard" generationTool="PythonFMU" generationDateAndTime="2019-11-25T20:25:32Z" variableNamingConvention="structured">
	<CoSimulation modelIdentifier="PythonSlave" needsExecutionTool="true" canHandleVariableCommunicationStepSize="true" canInterpolateInputs="false" canBeInstantiatedOnlyOncePerProcess="false" canGetAndSetFMUstate="false" canSerializeFMUstate="false" canNotUseMemoryManagementFunctions="true"/>
	<ModelVariables>
		<ScalarVariable valueReference="4" name="y" causality="output">
			<Real />
		</ScalarVariable>
		<ScalarVariable valueReference="5" name="amplitude" initial="exact" causality="parameter" variability="fixed">
			<Real start="1"/>
		</ScalarVariable>
		<ScalarVariable valueReference="6" name="frequency" initial="exact" causality="parameter" variability="fixed">
			<Real start="1"/>
		</ScalarVariable>
		<ScalarVariable valueReference="7" name="phase" initial="exact" causality="parameter" variability="fixed">
			<Real start="0"/>
		</ScalarVariable>
	</ModelVariables>
	<ModelStructure>
		<Outputs>
			<Unknown index="1" />
		</Outputs>
	</ModelStructure>
</fmiModelDescription>
